<?xml version="1.0" encoding="UTF-8"?>
<!DOCTYPE suite SYSTEM "https://testng.org/testng-1.0.dtd">
<suite name="Suite">
  <test thread-count="5" name="Test">
    <classes>
      <class name="com.testannotations.TestAnnotations"/>
       <class name="com.testannotations.ParallelTests"/>
       <class name="com.testannotations.Assertions"/>
       <class name="com.testannotations.NewTest"/>
       <class name="com.testannotations.GridTest"/>
    </classes>
  </test> <!-- Test -->
</suite> <!-- Suite -->
